<?xml version="1.0" encoding="UTF-8"?>

<databaseChangeLog
        xmlns="http://www.liquibase.org/xml/ns/dbchangelog"
        xmlns:xsi="http://www.w3.org/2001/XMLSchema-instance"
        xsi:schemaLocation="http://www.liquibase.org/xml/ns/dbchangelog
        http://www.liquibase.org/xml/ns/dbchangelog/dbchangelog-3.8.xsd">

    <!-- ChangeSet to create the 'audit_trail' table -->
    <changeSet id="1" author="admin">
        <createTable tableName="audit_trail">
            <column name="id" type="INT" autoIncrement="true">
                <constraints primaryKey="true" nullable="false"/>
            </column>
            <column name="action" type="VARCHAR(255)">
                <constraints nullable="false"/>
            </column>
            <column name="created_at" type="TIMESTAMP(6)" defaultValueComputed="CURRENT_TIMESTAMP">
                <constraints nullable="true"/>
            </column>
            <column name="record_type" type="VARCHAR(255)">
                <constraints nullable="false"/>
            </column>
            <column name="user_email" type="VARCHAR(255)">
                <constraints nullable="false"/>
            </column>
        </createTable>
    </changeSet>

</databaseChangeLog>
