<?xml version="1.0" encoding="UTF-8"?>

<databaseChangeLog
        xmlns="http://www.liquibase.org/xml/ns/dbchangelog"
        xmlns:xsi="http://www.w3.org/2001/XMLSchema-instance"
        xsi:schemaLocation="http://www.liquibase.org/xml/ns/dbchangelog
        http://www.liquibase.org/xml/ns/dbchangelog/dbchangelog-3.8.xsd">

    <!-- ChangeSet to create the 'company' table -->
    <changeSet id="1" author="admin">
        <createTable tableName="company">
            <column name="id" type="INT" autoIncrement="true">
                <constraints primaryKey="true" nullable="false"/>
            </column>
            <column name="active" type="BOOLEAN" defaultValueBoolean="true">
                <constraints nullable="false"/>
            </column>
            <column name="created_at" type="TIMESTAMP(6)"  defaultValueComputed = "CURRENT_TIMESTAMP">
                <constraints nullable="true"/>
            </column>
            <column name="created_by" type="VARCHAR(255)">
                <constraints nullable="true"/>
            </column>
            <column name="date_of_registration" type="TIMESTAMP(6)">
                <constraints nullable="false"/>
            </column>
            <column name="modified_at" type="TIMESTAMP(6)" defaultValueComputed = "CURRENT_TIMESTAMP">
                <constraints nullable="true"/>
            </column>
            <column name="modified_by" type="VARCHAR(255)">
                <constraints nullable="true"/>
            </column>
            <column name="name" type="VARCHAR(255)">
                <constraints nullable="false"/>
            </column>
            <column name="registration_number" type="VARCHAR(50)">
                <constraints nullable="false"/>
            </column>
        </createTable>
    </changeSet>

</databaseChangeLog>
