<?xml version="1.0" encoding="UTF-8"?>

<databaseChangeLog
        xmlns="http://www.liquibase.org/xml/ns/dbchangelog"
        xmlns:xsi="http://www.w3.org/2001/XMLSchema-instance"
        xsi:schemaLocation="http://www.liquibase.org/xml/ns/dbchangelog
        http://www.liquibase.org/xml/ns/dbchangelog/dbchangelog-3.8.xsd">

    <!-- ChangeSet to create the 'state' table -->
    <changeSet id="1" author="yourname">
        <createTable tableName="state">
            <column name="id" type="BIGINT">
                <constraints primaryKey="true" nullable="false"/>
            </column>
            <column name="active" type="BOOLEAN"/>
            <column name="code" type="VARCHAR(255)"/>
            <column name="created_at" type="TIMESTAMP"/>
            <column name="created_by" type="VARCHAR(255)"/>
            <column name="modified_at" type="TIMESTAMP"/>
            <column name="modified_by" type="VARCHAR(255)"/>
            <column name="name" type="VARCHAR(255)"/>
        </createTable>
    </changeSet>

</databaseChangeLog>
