<?xml version="1.0" encoding="UTF-8"?>
<databaseChangeLog
        xmlns="http://www.liquibase.org/xml/ns/dbchangelog"
        xmlns:xsi="http://www.w3.org/2001/XMLSchema-instance"
        xsi:schemaLocation="http://www.liquibase.org/xml/ns/dbchangelog
        http://www.liquibase.org/xml/ns/dbchangelog/dbchangelog-3.8.xsd">
    <changeSet id="2" author="author">
        <createTable tableName="address">
            <column name="id" type="INT" autoIncrement="true">
                <constraints primaryKey="true" nullable="false"/>
            </column>
            <column name="address_line_number1" type="VARCHAR(255)">
                <constraints nullable="false"/>
            </column>
            <column name="address_line_number2" type="VARCHAR(255)"/>
            <column name="city" type="VARCHAR(255)">
                <constraints nullable="false"/>
            </column>
            <column name="postal_code" type="VARCHAR(10)">
                <constraints nullable="false"/>
            </column>
            <column name="state_id" type="INT">
                <constraints nullable="false"/>
            </column>
            <column name="website_url" type="VARCHAR(255)"/>
            <column name="active" type="BOOLEAN" defaultValue="true">
                <constraints nullable="false"/>
            </column>
            <column name="created_by" type="VARCHAR(255)"/>
            <column name="created_at" type="TIMESTAMP" defaultValueComputed="CURRENT_TIMESTAMP"/>
            <column name="modified_by" type="VARCHAR(255)"/>
            <column name="modified_at" type="TIMESTAMP" defaultValueComputed="CURRENT_TIMESTAMP"/>
            <column name="address_type_id" type="INT"/>
        </createTable>

        <!-- Foreign Keys -->
        <addForeignKeyConstraint constraintName="fk_address_state"
                                 baseTableName="address"
                                 baseColumnNames="state_id"
                                 referencedTableName="state"
                                 referencedColumnNames="id"/>

        <addForeignKeyConstraint constraintName="fk_address_address_type"
                                 baseTableName="address"
                                 baseColumnNames="address_type_id"
                                 referencedTableName="address_type"
                                 referencedColumnNames="id"
                                 onDelete="CASCADE"/>
    </changeSet>

</databaseChangeLog>