<?xml version="1.0" encoding="UTF-8"?>
<databaseChangeLog
        xmlns="http://www.liquibase.org/xml/ns/dbchangelog"
        xmlns:xsi="http://www.w3.org/2001/XMLSchema-instance"
        xsi:schemaLocation="http://www.liquibase.org/xml/ns/dbchangelog
        http://www.liquibase.org/xml/ns/dbchangelog/dbchangelog-3.8.xsd">

    <changeSet id="2" author="your-name">
    <createTable tableName="department">
        <column name="id" type="INT">
            <constraints primaryKey="true" nullable="false" />
        </column>
        <column name="name" type="VARCHAR(255)">
            <constraints nullable="false" />
        </column>
        <column name="function" type="TEXT">
            <constraints nullable="false" />
        </column>
        <column name="address_id" type="INT">
            <constraints nullable="false" />
        </column>
        <column name="vote" type="INT">
            <constraints nullable="true" />
        </column>
        <column name="vote_code" type="VARCHAR(50)">
            <constraints nullable="true" />
        </column>
        <column name="logo" type="BLOB">
            <constraints nullable="true" />
        </column>
        <column name="active" type="BOOLEAN" defaultValueBoolean="true">
            <constraints nullable="false" />
        </column>
        <column name="created_by" type="VARCHAR(255)">
            <constraints nullable="true" />
        </column>
        <column name="created_at" type="TIMESTAMP" defaultValueComputed="CURRENT_TIMESTAMP">
            <constraints nullable="true" />
        </column>
        <column name="modified_by" type="VARCHAR(255)">
            <constraints nullable="true" />
        </column>
        <column name="modified_at" type="TIMESTAMP" defaultValueComputed="CURRENT_TIMESTAMP">
            <constraints nullable="true" />
        </column>
    </createTable>

    <addForeignKeyConstraint baseTableName="department"
                             baseColumnNames="address_id"
                             constraintName="fk_department_address"
                             referencedTableName="address"
                             referencedColumnNames="id"/>
    </changeSet>
</databaseChangeLog>