<?xml version="1.0" encoding="UTF-8"?>
<databaseChangeLog
        xmlns="http://www.liquibase.org/xml/ns/dbchangelog"
        xmlns:xsi="http://www.w3.org/2001/XMLSchema-instance"
        xsi:schemaLocation="http://www.liquibase.org/xml/ns/dbchangelog
        http://www.liquibase.org/xml/ns/dbchangelog/dbchangelog-3.8.xsd">

    <include file="/db.changelog-07-state.xml" relativeToChangelogFile="true"/>
    <include file="/db.changelog-04-address_type.xml" relativeToChangelogFile="true"/>
    <include file="/db.changelog-05-address.xml" relativeToChangelogFile="true"/>
    <include file="/db.changelog-01-access_level.xml" relativeToChangelogFile="true"/>
    <include file="/db.changelog-02-department.xml" relativeToChangelogFile="true"/>
    <include file="/db.changelog-03-department_project.xml" relativeToChangelogFile="true"/>
    <include file="/db.changelog-06-announcement_to.xml" relativeToChangelogFile="true"/>
    <include file="/audittrail.xml" relativeToChangelogFile="true"/>
    <include file="/company.xml" relativeToChangelogFile="true"/>
    <include file="dist-state-assembly.xml" relativeToChangelogFile="true"/>
    <include file="domain.xml" relativeToChangelogFile="true"/>
    <include file="emailtemplate.xml" relativeToChangelogFile="true"/>
    <include file="faq-article-category.xml" relativeToChangelogFile="true"/>
    <include file="faq.xml" relativeToChangelogFile="true"/>
    <include file="faq-article-subcategory.xml" relativeToChangelogFile="true"/>
    <include file="helpdesk.xml" relativeToChangelogFile="true"/>
    <include file="issue.xml" relativeToChangelogFile="true"/>
    <include file="kpi-years.xml" relativeToChangelogFile="true"/>
    <include file="measuring-unit-kpi.xml" relativeToChangelogFile="true"/>
    <include file="module-level-access-level.xml" relativeToChangelogFile="true"/>
    <include file="platform.xml" relativeToChangelogFile="true"/>
    <include file="project-scripts.xml" relativeToChangelogFile="true"/>
    <include file="promotion-category.xml" relativeToChangelogFile="true"/>
    <include file="risk-scripts.xml" relativeToChangelogFile="true"/>
    <include file="rmk.xml" relativeToChangelogFile="true"/>
    <include file="role-scripts.xml" relativeToChangelogFile="true"/>
    <include file="section.xml" relativeToChangelogFile="true"/>
    <include file="strategicplan.xml" relativeToChangelogFile="true"/>
    <include file="useraccount.xml" relativeToChangelogFile="true"/>
    <include file="user-notification-settings.xml" relativeToChangelogFile="true"/>
    <include file="user-roles.xml" relativeToChangelogFile="true"/>
    <include file="password-rules.xml" relativeToChangelogFile="true"/>
</databaseChangeLog>

