<?xml version="1.0" encoding="UTF-8"?>
<databaseChangeLog
        xmlns="http://www.liquibase.org/xml/ns/dbchangelog"
        xmlns:xsi="http://www.w3.org/2001/XMLSchema-instance"
        xsi:schemaLocation="http://www.liquibase.org/xml/ns/dbchangelog
        http://www.liquibase.org/xml/ns/dbchangelog/dbchangelog-3.8.xsd">
<changeSet id="1" author="author">
        <createTable tableName="address_type">
            <column name="id" type="INT" autoIncrement="true">
                <constraints primaryKey="true" nullable="false"/>
            </column>
            <column name="type" type="VARCHAR(255)">
                <constraints nullable="false"/>
            </column>
            <column name="description" type="TEXT"/>
            <column name="active" type="BOOLEAN" defaultValue="true">
                <constraints nullable="false"/>
            </column>
            <column name="created_by" type="VARCHAR(255)"/>
            <column name="created_at" type="TIMESTAMP" defaultValueComputed="CURRENT_TIMESTAMP"/>
            <column name="modified_by" type="VARCHAR(255)"/>
            <column name="modified_at" type="TIMESTAMP" defaultValueComputed="CURRENT_TIMESTAMP"/>
        </createTable>
    </changeSet>

</databaseChangeLog>