<?xml version="1.0" encoding="UTF-8"?>

<databaseChangeLog
        xmlns="http://www.liquibase.org/xml/ns/dbchangelog"
        xmlns:xsi="http://www.w3.org/2001/XMLSchema-instance"
        xsi:schemaLocation="http://www.liquibase.org/xml/ns/dbchangelog
        http://www.liquibase.org/xml/ns/dbchangelog/dbchangelog-3.8.xsd">

    <!-- ChangeSet to create the 'district_state_assembly' table -->
    <changeSet id="1" author="admin">
        <createTable tableName="district_state_assembly">
            <column name="id" type="BIGINT" autoIncrement="true">
                <constraints primaryKey="true" nullable="false"/>
            </column>
            <column name="active" type="BOOLEAN" defaultValueBoolean="true">
            </column>
            <column name="code" type="VARCHAR(50)">
                <constraints nullable="false"/>
            </column>
            <column name="created_at" type="TIMESTAMP(6)" defaultValueComputed="CURRENT_TIMESTAMP">
                <constraints nullable="true"/>
            </column>
            <column name="created_by" type="VARCHAR(100)">
                <constraints nullable="true"/>
            </column>
            <column name="modified_at" type="TIMESTAMP(6)" defaultValueComputed="CURRENT_TIMESTAMP">
                <constraints nullable="true"/>
            </column>
            <column name="modified_by" type="VARCHAR(100)">
                <constraints nullable="true"/>
            </column>
            <column name="name_of_districts" type="VARCHAR(255)">
                <constraints nullable="true"/>
            </column>
            <column name="name_of_state_assembly" type="VARCHAR(255)">
                <constraints nullable="true"/>
            </column>
            <column name="number_of_districts" type="INT">
                <constraints nullable="true"/>
            </column>
            <column name="number_of_state_assembly" type="INT">
                <constraints nullable="true"/>
            </column>
            <column name="state_assembly_code" type="VARCHAR(255)">
                <constraints nullable="true"/>
            </column>
        </createTable>
    </changeSet>

</databaseChangeLog>
