<?xml version="1.0" encoding="UTF-8"?>

<databaseChangeLog
        xmlns="http://www.liquibase.org/xml/ns/dbchangelog"
        xmlns:xsi="http://www.w3.org/2001/XMLSchema-instance"
        xsi:schemaLocation="http://www.liquibase.org/xml/ns/dbchangelog
        http://www.liquibase.org/xml/ns/dbchangelog/dbchangelog-3.8.xsd">

    <!-- ChangeSet to create the 'email_template' table -->
    <changeSet id="1" author="admin">
        <createTable tableName="email_template">
            <column name="id" type="INT" autoIncrement="true">
                <constraints primaryKey="true" nullable="false"/>
            </column>
            <column name="is_active" type="BOOLEAN" defaultValueBoolean="true">
            </column>
            <column name="body" type="TEXT">
                <constraints nullable="false"/>
            </column>
            <column name="created_at" type="TIMESTAMP(6)"  defaultValueComputed="CURRENT_TIMESTAMP">
                <constraints nullable="true"/>
            </column>
            <column name="first_saved_body" type="TEXT">
                <constraints nullable="false"/>
            </column>
            <column name="first_saved_subject" type="VARCHAR(255)">
                <constraints nullable="false"/>
            </column>
            <column name="subject" type="VARCHAR(255)">
                <constraints nullable="false"/>
            </column>
            <column name="template_name" type="VARCHAR(100)">
                <constraints nullable="false"/>
            </column>
            <column name="updated_at" type="TIMESTAMP(6)" defaultValueComputed="CURRENT_TIMESTAMP">
                <constraints nullable="true"/>
            </column>
        </createTable>
    </changeSet>

</databaseChangeLog>
