<databaseChangeLog
        xmlns="http://www.liquibase.org/xml/ns/dbchangelog"
        xmlns:xsi="http://www.w3.org/2001/XMLSchema-instance"
        xsi:schemaLocation="http://www.liquibase.org/xml/ns/dbchangelog
        http://www.liquibase.org/xml/ns/dbchangelog/dbchangelog-3.8.xsd">
    <changeSet id="3" author="admin">
        <createTable tableName="faq_article_sub_category" schemaName="public">
            <column name="id" type="int" autoIncrement="true">
                <constraints primaryKey="true" nullable="false"/>
            </column>
            <column name="created_at" type="timestamp(6)">
                <constraints nullable="true"/>
            </column>
            <column name="created_by" type="int">
                <constraints nullable="false"/>
            </column>
            <column name="modified_at" type="timestamp(6)">
                <constraints nullable="true"/>
            </column>
            <column name="modified_by" type="int">
                <constraints nullable="true"/>
            </column>
            <column name="name" type="varchar(255)">
                <constraints nullable="true"/>
            </column>
            <column name="category_id" type="int">
                <constraints nullable="true" foreignKeyName="fk24wk6cj8mgvl2dvabn5g7tqpn"
                             references="faq_article_category(id)"/>
            </column>
        </createTable>
    </changeSet>
</databaseChangeLog>