<databaseChangeLog
        xmlns="http://www.liquibase.org/xml/ns/dbchangelog"
        xmlns:xsi="http://www.w3.org/2001/XMLSchema-instance"
        xsi:schemaLocation="http://www.liquibase.org/xml/ns/dbchangelog
        http://www.liquibase.org/xml/ns/dbchangelog/dbchangelog-3.8.xsd">
    <changeSet id="4" author="admin">
        <createTable tableName="faq" schemaName="public">
            <column name="id" type="int" autoIncrement="true">
                <constraints primaryKey="true" nullable="false"/>
            </column>
            <column name="content" type="text">
                <constraints nullable="false"/>
            </column>
            <column name="created_at" type="timestamp(6)" defaultValueComputed="CURRENT_TIMESTAMP">
                <constraints nullable="true"/>
            </column>
            <column name="created_by" type="int">
                <constraints nullable="false"/>
            </column>
            <column name="modified_at" type="timestamp(6)">
                <constraints nullable="true"/>
            </column>
            <column name="modified_by" type="int">
                <constraints nullable="true"/>
            </column>
            <column name="summary" type="text">
                <constraints nullable="true"/>
            </column>
            <column name="title" type="varchar(255)">
                <constraints nullable="false"/>
            </column>
            <column name="article_category_id" type="int">
                <constraints nullable="false"/>
            </column>
        </createTable>

        <addForeignKeyConstraint
                baseTableName="faq"
                baseColumnNames="article_category_id"
                constraintName="fkahkf61tl6o7iyvl65ab3stfec"
                referencedTableName="faq_article_category"
                referencedColumnNames="id"
                onDelete="CASCADE"/>
    </changeSet>
</databaseChangeLog>