<databaseChangeLog
        xmlns="http://www.liquibase.org/xml/ns/dbchangelog"
        xmlns:xsi="http://www.w3.org/2001/XMLSchema-instance"
        xsi:schemaLocation="http://www.liquibase.org/xml/ns/dbchangelog
        http://www.liquibase.org/xml/ns/dbchangelog/dbchangelog-3.8.xsd">

    <changeSet id="1" author="admin">
        <createTable tableName="helpdesk" schemaName="public">
            <column name="srnumber" type="int">
                <constraints primaryKey="true" nullable="false"/>
            </column>
            <column name="browser" type="varchar(255)">
                <constraints nullable="true"/>
            </column>
            <column name="createdat" type="timestamp(6)">
                <constraints nullable="false"/>
            </column>
            <column name="createdby" type="varchar(255)">
                <constraints nullable="false"/>
            </column>
            <column name="criticallevel" type="varchar(255)">
                <constraints nullable="true"/>
            </column>
            <column name="link" type="varchar(255)">
                <constraints nullable="true"/>
            </column>
            <column name="os" type="varchar(255)">
                <constraints nullable="true"/>
            </column>
            <column name="srdescription" type="varchar(255)">
                <constraints nullable="true"/>
            </column>
            <column name="srtitle" type="varchar(255)">
                <constraints nullable="false"/>
            </column>
            <column name="status" type="varchar(255)">
                <constraints nullable="true"/>
            </column>
            <column name="updatedat" type="timestamp(6)">
                <constraints nullable="true"/>
            </column>
            <column name="updatedby" type="varchar(255)">
                <constraints nullable="true"/>
            </column>
        </createTable>
    </changeSet>

    <changeSet id="2" author="admin">
        <createTable tableName="helpdeskticketlog" schemaName="public">
            <column name="id" type="int" autoIncrement="true">
                <constraints primaryKey="true" nullable="false"/>
            </column>
            <column name="comment" type="varchar(255)">
                <constraints nullable="false"/>
            </column>
            <column name="commentat" type="timestamp(6)">
                <constraints nullable="false"/>
            </column>
            <column name="commentby" type="varchar(255)">
                <constraints nullable="false"/>
            </column>
            <column name="srnumber" type="int">
                <constraints nullable="true"/>
            </column>
        </createTable>

        <addForeignKeyConstraint
                baseTableName="helpdeskticketlog"
                baseColumnNames="srnumber"
                constraintName="fkkp1lxy5ktu1b65i5dr4cgxaif"
                referencedTableName="helpdesk"
                referencedColumnNames="srnumber"/>
    </changeSet>

    <changeSet id="3" author="admin">
        <createTable tableName="helpdeskfiles" schemaName="public">
            <column name="id" type="int" autoIncrement="true">
                <constraints primaryKey="true" nullable="false"/>
            </column>
            <column name="createdat" type="timestamp(6)">
                <constraints nullable="false"/>
            </column>
            <column name="createdby" type="varchar(255)">
                <constraints nullable="false"/>
            </column>
            <column name="filepath" type="varchar(255)">
                <constraints nullable="false"/>
            </column>
            <column name="srnumber" type="int">
                <constraints nullable="true"/>
            </column>
        </createTable>

        <addForeignKeyConstraint
                baseTableName="helpdeskfiles"
                baseColumnNames="srnumber"
                constraintName="fk2uakexm5rtfvjgqc1xbjcu0wm"
                referencedTableName="helpdesk"
                referencedColumnNames="srnumber"/>
    </changeSet>
</databaseChangeLog>
