<databaseChangeLog
        xmlns="http://www.liquibase.org/xml/ns/dbchangelog"
        xmlns:xsi="http://www.w3.org/2001/XMLSchema-instance"
        xsi:schemaLocation="http://www.liquibase.org/xml/ns/dbchangelog
        http://www.liquibase.org/xml/ns/dbchangelog/dbchangelog-3.8.xsd">

    <changeSet id="1" author="admin">
        <createTable tableName="issue_type" schemaName="public">
            <column name="id" type="int" autoIncrement="true">
                <constraints primaryKey="true" nullable="false"/>
            </column>
            <column name="created_at" type="timestamp(6)" defaultValueComputed="CURRENT_TIMESTAMP">
                <constraints nullable="true"/>
            </column>
            <column name="created_by" type="varchar(100)">
                <constraints nullable="true"/>
            </column>
            <column name="is_active" type="boolean" defaultValueBoolean="true">
                <constraints nullable="true"/>
            </column>
            <column name="issue_code" type="varchar(50)">
                <constraints nullable="false"/>
            </column>
            <column name="issue_type" type="varchar(50)">
                <constraints nullable="true"/>
            </column>
            <column name="modified_at" type="timestamp(6)" defaultValueComputed="CURRENT_TIMESTAMP">
                <constraints nullable="true"/>

            </column>
            <column name="modified_by" type="varchar(100)">
                <constraints nullable="true"/>
            </column>
        </createTable>
    </changeSet>

    <changeSet id="2" author="admin">
        <createTable tableName="issue_probability" schemaName="public">
            <column name="id" type="int" autoIncrement="true">
                <constraints primaryKey="true" nullable="false"/>
            </column>
            <column name="created_at" type="timestamp(6)" defaultValueComputed="CURRENT_TIMESTAMP">
                <constraints nullable="true"/>
            </column>
            <column name="created_by" type="varchar(100)">
                <constraints nullable="true"/>
            </column>
            <column name="is_active" type="boolean" defaultValueBoolean="true">
                <constraints nullable="true"/>
            </column>
            <column name="issue_prob_code" type="varchar(50)">
                <constraints nullable="false"/>
            </column>
            <column name="issue_probability" type="varchar(50)">
                <constraints nullable="true"/>
            </column>
            <column name="modified_at" type="timestamp(6)" defaultValueComputed="CURRENT_TIMESTAMP">
                <constraints nullable="true"/>
            </column>
            <column name="modified_by" type="varchar(100)">
                <constraints nullable="true"/>
            </column>
        </createTable>
    </changeSet>

    <changeSet id="3" author="admin">
        <createTable tableName="issue_impact" schemaName="public">
            <column name="id" type="int" autoIncrement="true">
                <constraints primaryKey="true" nullable="false"/>
            </column>
            <column name="created_at" type="timestamp(6)" defaultValueComputed="CURRENT_TIMESTAMP">
                <constraints nullable="true"/>
            </column>
            <column name="created_by" type="varchar(100)">
                <constraints nullable="true"/>
            </column>
            <column name="is_active" type="boolean" defaultValueBoolean="true">
                <constraints nullable="true"/>
            </column>
            <column name="issue_imp_code" type="varchar(50)">
                <constraints nullable="false"/>
            </column>
            <column name="issue_impact" type="varchar(50)">
                <constraints nullable="true"/>
            </column>
            <column name="modified_at" type="timestamp(6)" defaultValueComputed="CURRENT_TIMESTAMP">
                <constraints nullable="true"/>
            </column>
            <column name="modified_by" type="varchar(100)">
                <constraints nullable="true"/>
            </column>
        </createTable>
    </changeSet>

    <changeSet id="4" author="admin">
        <createTable tableName="issue_category" schemaName="public">
            <column name="id" type="int" autoIncrement="true">
                <constraints primaryKey="true" nullable="false"/>
            </column>
            <column name="created_at" type="timestamp(6)" defaultValueComputed="CURRENT_TIMESTAMP">
                <constraints nullable="true"/>
            </column>
            <column name="created_by" type="varchar(100)">
                <constraints nullable="true"/>
            </column>
            <column name="is_active" type="boolean" defaultValueBoolean="true">
                <constraints nullable="true"/>
            </column>
            <column name="issue_cat_code" type="varchar(50)">
                <constraints nullable="false"/>
            </column>
            <column name="issue_category" type="varchar(50)">
                <constraints nullable="true"/>
            </column>
            <column name="modified_at" type="timestamp(6)" defaultValueComputed="CURRENT_TIMESTAMP">
                <constraints nullable="true"/>
            </column>
            <column name="modified_by" type="varchar(100)">
                <constraints nullable="true"/>
            </column>
        </createTable>
    </changeSet>

</databaseChangeLog>
