<databaseChangeLog
        xmlns="http://www.liquibase.org/xml/ns/dbchangelog"
        xmlns:xsi="http://www.w3.org/2001/XMLSchema-instance"
        xsi:schemaLocation="http://www.liquibase.org/xml/ns/dbchangelog
        http://www.liquibase.org/xml/ns/dbchangelog/dbchangelog-3.8.xsd">

    <changeSet id="1" author="admin">
        <createTable tableName="kpi_years" schemaName="public">
            <column name="id" type="bigint" autoIncrement="true">
                <constraints primaryKey="true" nullable="false"/>
            </column>
            <column name="active" type="boolean" defaultValueBoolean="true">
                <constraints nullable="true"/>
            </column>
            <column name="code" type="varchar(50)">
                <constraints nullable="false"/>
            </column>
            <column name="created_at" type="timestamp(6)" defaultValueComputed="CURRENT_TIMESTAMP">
                <constraints nullable="true"/>
            </column>
            <column name="created_by" type="varchar(100)">
                <constraints nullable="true"/>
            </column>
            <column name="modified_at" type="timestamp(6)" defaultValueComputed="CURRENT_TIMESTAMP">
                <constraints nullable="true"/>
            </column>
            <column name="modified_by" type="varchar(100)">
                <constraints nullable="true"/>
            </column>
        </createTable>
    </changeSet>

    <changeSet id="2" author="admin">
        <createTable tableName="kpi_years_years" schemaName="public">
            <column name="kpi_years_id" type="bigint">
                <constraints nullable="false"/>
            </column>
            <column name="years" type="timestamp(6)">
                <constraints nullable="true"/>
            </column>
            <column name="id" type="bigint" autoIncrement="true">
                <constraints primaryKey="true" nullable="false"/>
            </column>
        </createTable>

        <addForeignKeyConstraint
                baseTableName="kpi_years_years"
                baseColumnNames="kpi_years_id"
                constraintName="fk5vg86wfatf9bjb55n7w4m68gt"
                referencedTableName="kpi_years"
                referencedColumnNames="id"/>
    </changeSet>

</databaseChangeLog>
