<databaseChangeLog
        xmlns="http://www.liquibase.org/xml/ns/dbchangelog"
        xmlns:xsi="http://www.w3.org/2001/XMLSchema-instance"
        xsi:schemaLocation="http://www.liquibase.org/xml/ns/dbchangelog
        http://www.liquibase.org/xml/ns/dbchangelog/dbchangelog-3.8.xsd">

    <changeSet id="1" author="admin">
        <createTable tableName="measuring-unit-kpi" schemaName="public">
            <column name="id" type="bigint" autoIncrement="true">
                <constraints primaryKey="true" nullable="false"/>
            </column>
            <column name="active" type="boolean" defaultValueBoolean="true">
                <constraints nullable="true"/>
            </column>
            <column name="code" type="varchar(50)">
                <constraints nullable="false"/>
            </column>
            <column name="created_at" type="timestamp(6)">
                <constraints nullable="true"/>
            </column>
            <column name="created_by" type="varchar(100)">
                <constraints nullable="true"/>
            </column>
            <column name="measuring-unit-name" type="varchar(255)">
                <constraints nullable="true"/>
            </column>
            <column name="modified_at" type="timestamp(6)" defaultValueComputed="CURRENT_TIMESTAMP">>
                <constraints nullable="true"/>
            </column>
            <column name="modified_by" type="varchar(100)">
                <constraints nullable="true"/>
            </column>
        </createTable>
    </changeSet>

</databaseChangeLog>
