<databaseChangeLog
        xmlns="http://www.liquibase.org/xml/ns/dbchangelog"
        xmlns:xsi="http://www.w3.org/2001/XMLSchema-instance"
        xsi:schemaLocation="http://www.liquibase.org/xml/ns/dbchangelog
        http://www.liquibase.org/xml/ns/dbchangelog/dbchangelog-3.8.xsd">

    <changeSet id="1" author="admin">
        <createTable tableName="module" schemaName="public">
            <column name="id" type="int" autoIncrement="true">
                <constraints primaryKey="true" nullable="false"/>
            </column>
            <column name="active" type="boolean" defaultValue="true">
                <constraints nullable="false"/>
            </column>
            <column name="created_at" type="timestamp(6)" defaultValueComputed="CURRENT_TIMESTAMP">
                <constraints nullable="true"/>
            </column>
            <column name="created_by" type="varchar(255)">
                <constraints nullable="true"/>
            </column>
            <column name="description" type="text">
                <constraints nullable="true"/>
            </column>
            <column name="logo" type="bytea">
                <constraints nullable="true"/>
            </column>
            <column name="modified_at" type="timestamp(6)" defaultValueComputed="CURRENT_TIMESTAMP">
                <constraints nullable="true"/>
            </column>
            <column name="modified_by" type="varchar(255)">
                <constraints nullable="true"/>
            </column>
            <column name="name" type="varchar(255)">
                <constraints nullable="false"/>
            </column>
        </createTable>
    </changeSet>

    <changeSet id="2" author="admin">
        <createTable tableName="module_access_level" schemaName="public">
            <column name="active" type="boolean" defaultValue="true">
                <constraints nullable="false"/>
            </column>
            <column name="created_at" type="timestamp(6)" defaultValueComputed="CURRENT_TIMESTAMP">
                <constraints nullable="true"/>
            </column>
            <column name="created_by" type="varchar(255)">
                <constraints nullable="true"/>
            </column>
            <column name="modified_at" type="timestamp(6)" defaultValueComputed="CURRENT_TIMESTAMP">
                <constraints nullable="true"/>
            </column>
            <column name="modified_by" type="varchar(255)">
                <constraints nullable="true"/>
            </column>
            <column name="access_level_id" type="int">
                <constraints nullable="false"/>
            </column>
            <column name="module_id" type="int">
                <constraints nullable="false"/>
            </column>
        </createTable>

        <addPrimaryKey columnNames="access_level_id, module_id" constraintName="module_access_level_pkey" tableName="module_access_level"/>

        <addForeignKeyConstraint
                baseTableName="module_access_level"
                baseColumnNames="access_level_id"
                constraintName="fk40q617s8y1f6av75l9isp782c"
                referencedTableName="access_level"
                referencedColumnNames="id"/>

        <addForeignKeyConstraint
                baseTableName="module_access_level"
                baseColumnNames="module_id"
                constraintName="fkqerpi92g89mfqb09yl23dk4j3"
                referencedTableName="module"
                referencedColumnNames="id"/>
    </changeSet>

</databaseChangeLog>
