<?xml version="1.0" encoding="UTF-8"?>

<databaseChangeLog
        xmlns="http://www.liquibase.org/xml/ns/dbchangelog"
        xmlns:xsi="http://www.w3.org/2001/XMLSchema-instance"
        xsi:schemaLocation="http://www.liquibase.org/xml/ns/dbchangelog
                        http://www.liquibase.org/xml/ns/dbchangelog/dbchangelog-3.8.xsd">

    <!-- Changeset to create public.password_rules table -->
    <changeSet id="1" author="admin">
        <createTable tableName="password_rules">
            <column name="id" type="int4">
                <constraints primaryKey="true" nullable="false" primaryKeyName="password_rules_pkey"/>
            </column>
            <column name="active" type="boolean" defaultValueBoolean="true"/>
            <column name="created_at" type="timestamp(6)" defaultValueComputed="CURRENT_TIMESTAMP"/>
            <column name="created_by" type="varchar(255)">
                <constraints nullable="false"/>
            </column>
            <column name="description" type="text"/>
            <column name="modified_at" type="timestamp(6)" defaultValueComputed="CURRENT_TIMESTAMP"/>
            <column name="modified_by" type="varchar(255)"/>
            <column name="rule_name" type="varchar(255)">
                <constraints nullable="false"/>
            </column>
            <column name="rule_value" type="varchar(255)"/>
            <column name="security_type" type="varchar(255)"/>
        </createTable>
    </changeSet>

    <!-- Changeset to create public.password_rules_requirement_complexity table -->
    <changeSet id="2" author="admin">
        <createTable tableName="password_rules_requirement_complexity">
            <column name="id" type="int4">
                <constraints primaryKey="true" nullable="false" primaryKeyName="password_rules_requirement_complexity_pkey_1"/>
            </column>
            <column name="active" type="boolean" defaultValueBoolean="true"/>
            <column name="created_at" type="timestamp(6)" defaultValueComputed="CURRENT_TIMESTAMP"/>
            <column name="created_by" type="varchar(255)">
                <constraints nullable="false"/>
            </column>
            <column name="description" type="text"/>
            <column name="modified_at" type="timestamp(6)" defaultValueComputed="CURRENT_TIMESTAMP"/>
            <column name="modified_by" type="varchar(255)"/>
            <column name="rule_name" type="varchar(255)">
                <constraints nullable="false"/>
            </column>
            <column name="rule_id" type="int4"/>
        </createTable>

        <!-- Foreign Key Constraint -->
        <addForeignKeyConstraint
                constraintName="password_rules_requirement_complexity_password_rules_fk"
                baseTableName="password_rules_requirement_complexity"
                baseColumnNames="rule_id"
                referencedTableName="password_rules"
                referencedColumnNames="id"
                onDelete="SET NULL"/>
    </changeSet>

</databaseChangeLog>
