<?xml version="1.0" encoding="UTF-8"?>

<databaseChangeLog
        xmlns="http://www.liquibase.org/xml/ns/dbchangelog"
        xmlns:xsi="http://www.w3.org/2001/XMLSchema-instance"
        xsi:schemaLocation="http://www.liquibase.org/xml/ns/dbchangelog
                        http://www.liquibase.org/xml/ns/dbchangelog/dbchangelog-3.8.xsd">

    <!-- Changeset to create public.project table -->
    <changeSet id="1" author="admin">
        <createTable tableName="project">
            <column name="id" type="int4">
                <constraints primaryKey="true" nullable="false"/>
            </column>
            <column name="active" type="boolean" defaultValueBoolean="true">
                <constraints nullable="false"/>
            </column>
            <column name="code_title" type="varchar(255)">
                <constraints nullable="false"/>
            </column>
            <column name="created_at" type="timestamp(6)" defaultValueComputed="CURRENT_TIMESTAMP"/>
            <column name="created_by" type="varchar(255)"/>
            <column name="modified_at" type="timestamp(6)" defaultValueComputed="CURRENT_TIMESTAMP"/>
            <column name="modified_by" type="varchar(255)"/>
            <column name="number" type="int4">
                <constraints nullable="false"/>
            </column>
        </createTable>
    </changeSet>

    <!-- Changeset to create public.project-start-and-end-year table -->
    <changeSet id="2" author="admin">
        <createTable tableName="project-start-and-end-year">
            <column name="id" type="int8">
                <constraints primaryKey="true" nullable="false"/>
            </column>
            <column name="active" type="boolean" defaultValueBoolean="true"/>
            <column name="code" type="varchar(50)">
                <constraints nullable="false"/>
            </column>
            <column name="created_at" type="timestamp(6)"/>
            <column name="created_by" type="varchar(100)"/>
            <column name="modified_at" type="timestamp(6)" defaultValueComputed="CURRENT_TIMESTAMP"/>
            <column name="modified_by" type="varchar(100)"/>
        </createTable>
    </changeSet>

    <!-- Changeset to create public.project_category table -->
    <changeSet id="3" author="admin">
        <createTable tableName="project_category">
            <column name="id" type="int4">
                <constraints primaryKey="true" nullable="false"/>
            </column>
            <column name="active" type="boolean" defaultValueBoolean="true"/>
            <column name="code" type="varchar(50)">
                <constraints nullable="false"/>
            </column>
            <column name="created_at" type="timestamp(6)" defaultValueComputed="CURRENT_TIMESTAMP"/>
            <column name="created_by" type="varchar(100)"/>
            <column name="modified_at" type="timestamp(6)" defaultValueComputed="CURRENT_TIMESTAMP"/>
            <column name="modified_by" type="varchar(100)"/>
            <column name="name" type="varchar(100)">
                <constraints nullable="false"/>
            </column>
        </createTable>
    </changeSet>

    <!-- Changeset to create public.project_start_and_end_year_start_years table -->
    <changeSet id="4" author="admin">
        <createTable tableName="project_start_and_end_year_start_years">
            <column name="project_start_and_end_year_id" type="int8">
                <constraints nullable="false"/>
            </column>
            <column name="years" type="timestamp(6)"/>
        </createTable>
        <addForeignKeyConstraint
                constraintName="fktjxfy4lqo7fgige89d6697yde"
                baseTableName="project_start_and_end_year_start_years"
                baseColumnNames="project_start_and_end_year_id"
                referencedTableName="project-start-and-end-year"
                referencedColumnNames="id"/>
    </changeSet>

    <!-- Changeset to create public.project_start_and_end_year_end_years table -->
    <changeSet id="5" author="admin">
        <createTable tableName="project_start_and_end_year_end_years">
            <column name="project_start_and_end_year_id" type="int8">
                <constraints nullable="false"/>
            </column>
            <column name="years" type="timestamp(6)"/>
        </createTable>
        <addForeignKeyConstraint
                constraintName="fkjvsltawk0l81i9ee0w5cfgeq3"
                baseTableName="project_start_and_end_year_end_years"
                baseColumnNames="project_start_and_end_year_id"
                referencedTableName="project-start-and-end-year"
                referencedColumnNames="id"/>
    </changeSet>

    <!-- Changeset to create public.project_status table -->
    <changeSet id="6" author="admin">
        <createTable tableName="project_status">
            <column name="id" type="int4">
                <constraints primaryKey="true" nullable="false"/>
            </column>
            <column name="active" type="boolean" defaultValueBoolean="true"/>
            <column name="category" type="varchar(100)"/>
            <column name="code" type="varchar(50)">
                <constraints nullable="false"/>
            </column>
            <column name="created_at" type="timestamp(6)" defaultValueComputed="CURRENT_TIMESTAMP"/>
            <column name="created_by" type="varchar(100)"/>
            <column name="modified_at" type="timestamp(6)" defaultValueComputed="CURRENT_TIMESTAMP"/>
            <column name="modified_by" type="varchar(100)"/>
            <column name="type" type="varchar(100)"/>
        </createTable>
    </changeSet>

    <!-- Changeset to create public.project_update_notifications table -->
    <changeSet id="7" author="admin">
        <createTable tableName="project_update_notifications">
            <column name="id" type="int8">
                <constraints primaryKey="true" nullable="false"/>
            </column>
            <column name="created_at" type="timestamp(6)"/>
            <column name="created_by" type="varchar(255)"/>
            <column name="modified_at" type="timestamp(6)"/>
            <column name="modified_by" type="varchar(255)"/>
            <column name="notification_period" type="varchar(255)"/>
            <column name="agency_id" type="int4"/>
            <column name="project_id" type="int4"/>
        </createTable>
    </changeSet>

</databaseChangeLog>
