<?xml version="1.0" encoding="UTF-8"?>

<databaseChangeLog
        xmlns="http://www.liquibase.org/xml/ns/dbchangelog"
        xmlns:xsi="http://www.w3.org/2001/XMLSchema-instance"
        xsi:schemaLocation="http://www.liquibase.org/xml/ns/dbchangelog
                        http://www.liquibase.org/xml/ns/dbchangelog/dbchangelog-3.8.xsd">

    <!-- Changeset to create public.promotion_category table -->
    <changeSet id="8" author="admin">
        <createTable tableName="promotion_category">
            <column name="id" type="int8">
                <constraints primaryKey="true" nullable="false"/>
            </column>
            <column name="category" type="varchar(255)"/>
            <column name="created_at" type="timestamp(6)" defaultValueComputed="CURRENT_TIMESTAMP"/>
            <column name="created_by" type="varchar(100)"/>
            <column name="modified_at" type="timestamp(6)" defaultValueComputed="CURRENT_TIMESTAMP"/>
            <column name="modified_by" type="varchar(100)"/>
        </createTable>
    </changeSet>

</databaseChangeLog>
