<?xml version="1.0" encoding="UTF-8"?>

<databaseChangeLog
        xmlns="http://www.liquibase.org/xml/ns/dbchangelog"
        xmlns:xsi="http://www.w3.org/2001/XMLSchema-instance"
        xsi:schemaLocation="http://www.liquibase.org/xml/ns/dbchangelog
                        http://www.liquibase.org/xml/ns/dbchangelog/dbchangelog-3.8.xsd">

    <!-- Changeset to create public.risk_type table -->
    <changeSet id="8" author="admin">
        <createTable tableName="risk_type">
            <column name="id" type="int4">
                <constraints primaryKey="true" nullable="false"/>
            </column>
            <column name="is_active" type="boolean" defaultValueBoolean="true"/>
            <column name="risk_code" type="varchar(50)">
                <constraints nullable="false"/>
            </column>
            <column name="risk_type" type="varchar(50)"/>
            <column name="created_at" type="timestamp(6)" defaultValueComputed="CURRENT_TIMESTAMP"/>
            <column name="created_by" type="varchar(100)"/>
            <column name="modified_at" type="timestamp(6)" defaultValueComputed="CURRENT_TIMESTAMP"/>
            <column name="modified_by" type="varchar(100)"/>
        </createTable>
    </changeSet>

    <!-- Changeset to create public.risk_probability table -->
    <changeSet id="9" author="admin">
        <createTable tableName="risk_probability">
            <column name="id" type="int4">
                <constraints primaryKey="true" nullable="false"/>
            </column>
            <column name="created_at" type="timestamp(6)" defaultValueComputed="CURRENT_TIMESTAMP"/>
            <column name="created_by" type="varchar(100)"/>
            <column name="is_active" type="boolean" defaultValueBoolean="true"/>
            <column name="modified_at" type="timestamp(6)" defaultValueComputed="CURRENT_TIMESTAMP"/>
            <column name="modified_by" type="varchar(100)"/>
            <column name="risk_code" type="varchar(50)">
                <constraints nullable="false"/>
            </column>
            <column name="risk_type" type="varchar(50)"/>
            <column name="risk_prob_code" type="varchar(50)">
                <constraints nullable="false"/>
            </column>
            <column name="risk_probability" type="varchar(50)"/>
        </createTable>
    </changeSet>

    <!-- Changeset to create public.risk_impact table -->
    <changeSet id="10" author="admin">
        <createTable tableName="risk_impact">
            <column name="id" type="int4">
                <constraints primaryKey="true" nullable="false"/>
            </column>
            <column name="created_at" type="timestamp(6)" defaultValueComputed="CURRENT_TIMESTAMP"/>
            <column name="created_by" type="varchar(100)"/>
            <column name="is_active" type="boolean" defaultValueBoolean="true"/>
            <column name="modified_at" type="timestamp(6)" defaultValueComputed="CURRENT_TIMESTAMP"/>
            <column name="modified_by" type="varchar(100)"/>
            <column name="risk_code" type="varchar(50)">
                <constraints nullable="false"/>
            </column>
            <column name="risk_type" type="varchar(50)"/>
            <column name="risk_cat_code" type="varchar(50)">
                <constraints nullable="false"/>
            </column>
            <column name="risk_category" type="varchar(50)"/>
            <column name="risk_imp_code" type="varchar(50)">
                <constraints nullable="false"/>
            </column>
            <column name="risk_impact" type="varchar(50)"/>
        </createTable>
    </changeSet>

    <!-- Changeset to create public.risk_category table -->
    <changeSet id="11" author="admin">
        <createTable tableName="risk_category">
            <column name="id" type="int4">
                <constraints primaryKey="true" nullable="false"/>
            </column>
            <column name="created_at" type="timestamp(6)" defaultValueComputed="CURRENT_TIMESTAMP"/>
            <column name="created_by" type="varchar(100)"/>
            <column name="is_active" type="boolean" defaultValueBoolean="true"/>
            <column name="modified_at" type="timestamp(6)" defaultValueComputed="CURRENT_TIMESTAMP"/>
            <column name="modified_by" type="varchar(100)"/>
            <column name="risk_cat_code" type="varchar(50)">
                <constraints nullable="false"/>
            </column>
            <column name="risk_category" type="varchar(50)"/>
        </createTable>
    </changeSet>

</databaseChangeLog>
