<?xml version="1.0" encoding="UTF-8"?>

<databaseChangeLog
        xmlns="http://www.liquibase.org/xml/ns/dbchangelog"
        xmlns:xsi="http://www.w3.org/2001/XMLSchema-instance"
        xsi:schemaLocation="http://www.liquibase.org/xml/ns/dbchangelog
                        http://www.liquibase.org/xml/ns/dbchangelog/dbchangelog-3.8.xsd">

    <!-- Changeset to create public.rmk table -->
    <changeSet id="12" author="admin">
        <createTable tableName="rmk">
            <column name="id" type="int4">
                <constraints primaryKey="true" nullable="false"/>
            </column>
            <column name="active" type="boolean" defaultValueBoolean="true"/>
            <column name="code" type="varchar(50)">
                <constraints nullable="false"/>
            </column>
            <column name="created_at" type="timestamp(6)" defaultValueComputed="CURRENT_TIMESTAMP"/>
            <column name="created_by" type="varchar(100)"/>
            <column name="end_year" type="timestamp(6)"/>
            <column name="modified_at" type="timestamp(6)" defaultValueComputed="CURRENT_TIMESTAMP"/>
            <column name="modified_by" type="varchar(100)"/>
            <column name="objective" type="text"/>
            <column name="overall_budget" type="numeric(15, 2)"/>
            <column name="start_year" type="timestamp(6)"/>
        </createTable>
    </changeSet>

</databaseChangeLog>
