<?xml version="1.0" encoding="UTF-8"?>

<databaseChangeLog
        xmlns="http://www.liquibase.org/xml/ns/dbchangelog"
        xmlns:xsi="http://www.w3.org/2001/XMLSchema-instance"
        xsi:schemaLocation="http://www.liquibase.org/xml/ns/dbchangelog
                        http://www.liquibase.org/xml/ns/dbchangelog/dbchangelog-3.8.xsd">

    <!-- Changeset to create public.role table -->
    <changeSet id="13" author="admin">
        <createTable tableName="role">
            <column name="id" type="int4">
                <constraints primaryKey="true" nullable="false"/>
            </column>
            <column name="active" type="boolean" defaultValueBoolean="true">
                <constraints nullable="false"/>
            </column>
            <column name="created_at" type="timestamp(6)" defaultValueComputed="CURRENT_TIMESTAMP"/>
            <column name="created_by" type="varchar(255)"/>
            <column name="description" type="text"/>
            <column name="modified_at" type="timestamp(6)" defaultValueComputed="CURRENT_TIMESTAMP"/>
            <column name="modified_by" type="varchar(255)"/>
            <column name="name" type="varchar(255)">
                <constraints nullable="false"/>
            </column>
            <column name="type" type="varchar(255)">
                <constraints nullable="false"/>
            </column>
        </createTable>
    </changeSet>

    <!-- Changeset to create public.role_access_level table -->
    <changeSet id="14" author="admin">
        <createTable tableName="role_access_level">
            <column name="id" type="int4">
                <constraints primaryKey="true" nullable="false"/>
            </column>
            <column name="created_at" type="timestamp(6)" defaultValueComputed="CURRENT_TIMESTAMP"/>
            <column name="created_by" type="varchar(255)">
                <constraints nullable="false"/>
            </column>
            <column name="modified_at" type="timestamp(6)" defaultValueComputed="CURRENT_TIMESTAMP"/>
            <column name="modified_by" type="varchar(255)"/>
            <column name="access_level_id" type="int4"/>
        </createTable>

        <addForeignKeyConstraint
                constraintName="fkibib09k5hlqkb4pcv3nrfu4nl"
                baseTableName="role_access_level"
                baseColumnNames="access_level_id"
                referencedTableName="access_level"
                referencedColumnNames="id"
                onDelete="CASCADE"/>
    </changeSet>

</databaseChangeLog>
