<?xml version="1.0" encoding="UTF-8"?>

<databaseChangeLog
        xmlns="http://www.liquibase.org/xml/ns/dbchangelog"
        xmlns:xsi="http://www.w3.org/2001/XMLSchema-instance"
        xsi:schemaLocation="http://www.liquibase.org/xml/ns/dbchangelog
                        http://www.liquibase.org/xml/ns/dbchangelog/dbchangelog-3.8.xsd">

    <!-- Changeset to create public.strategic_plan table -->
    <changeSet id="16" author="admin">
        <createTable tableName="strategic_plan">
            <column name="id" type="int4">
                <constraints primaryKey="true" nullable="false"/>
            </column>
            <column name="active" type="boolean" defaultValueBoolean="true"/>
            <column name="code" type="varchar(50)">
                <constraints nullable="false"/>
            </column>
            <column name="core_name" type="varchar(255)"/>
            <column name="created_at" type="timestamp(6)" defaultValueComputed="CURRENT_TIMESTAMP"/>
            <column name="created_by" type="varchar(100)"/>
            <column name="end_year" type="timestamp(6)"/>
            <column name="modified_at" type="timestamp(6)" defaultValueComputed="CURRENT_TIMESTAMP"/>
            <column name="modified_by" type="varchar(100)"/>
            <column name="no_of_cores" type="int4"/>
            <column name="start_year" type="timestamp(6)"/>
        </createTable>
    </changeSet>

</databaseChangeLog>
