<?xml version="1.0" encoding="UTF-8"?>

<databaseChangeLog
        xmlns="http://www.liquibase.org/xml/ns/dbchangelog"
        xmlns:xsi="http://www.w3.org/2001/XMLSchema-instance"
        xsi:schemaLocation="http://www.liquibase.org/xml/ns/dbchangelog
                        http://www.liquibase.org/xml/ns/dbchangelog/dbchangelog-3.8.xsd">

    <!-- Changeset to create public.user_notification_settings table -->
    <changeSet id="18" author="admin">
        <createTable tableName="user_notification_settings">
            <column name="id" type="int8">
                <constraints primaryKey="true" nullable="false"/>
            </column>
            <column name="announcement_to" type="varchar(255)"/>
            <column name="created_at" type="timestamp(6)"/>
            <column name="created_by" type="varchar(255)"/>
            <column name="description" type="varchar(255)"/>
            <column name="modified_at" type="timestamp(6)"/>
            <column name="modified_by" type="varchar(255)"/>
            <column name="platform" type="varchar(255)"/>
            <column name="promotion_scheduling" type="timestamp(6)"/>
            <column name="promotion_title" type="varchar(255)">
                <constraints nullable="false"/>
            </column>
            <column name="promotion_category_id" type="int8"/>
            <column name="status" type="varchar(255)"/>
        </createTable>

        <addForeignKeyConstraint
                constraintName="fk2ie222aa5qxbj9x4e0n1rym0a"
                baseTableName="user_notification_settings"
                baseColumnNames="promotion_category_id"
                referencedTableName="promotion_category"
                referencedColumnNames="id"/>
    </changeSet>

</databaseChangeLog>
