<?xml version="1.0" encoding="UTF-8"?>

<databaseChangeLog
        xmlns="http://www.liquibase.org/xml/ns/dbchangelog"
        xmlns:xsi="http://www.w3.org/2001/XMLSchema-instance"
        xsi:schemaLocation="http://www.liquibase.org/xml/ns/dbchangelog
                        http://www.liquibase.org/xml/ns/dbchangelog/dbchangelog-3.8.xsd">

    <!-- Changeset to create public.user_account table -->
    <changeSet id="17" author="admin">
        <createTable tableName="user_account">
            <column name="id" type="int8">
                <constraints primaryKey="true" nullable="false"/>
            </column>
            <column name="active" type="boolean">
                <constraints nullable="false"/>
            </column>
            <column name="change_password_on_first_login" type="boolean">
                <constraints nullable="false"/>
            </column>
            <column name="created_at" type="timestamp(6)"/>
            <column name="created_by" type="varchar(255)"/>
            <column name="department_id" type="int8"/>
            <column name="domain_id" type="int8">
                <constraints nullable="false"/>
            </column>
            <column name="email" type="varchar(255)">
                <constraints nullable="false"/>
            </column>
            <column name="email_proof_of_authentication" type="boolean">
                <constraints nullable="false"/>
            </column>
            <column name="kp_number" type="varchar(255)"/>
            <column name="mobile_phone" type="varchar(255)"/>
            <column name="modified_at" type="timestamp(6)"/>
            <column name="modified_by" type="varchar(255)"/>
            <column name="name" type="varchar(255)">
                <constraints nullable="false"/>
            </column>
            <column name="official_phone" type="varchar(255)"/>
            <column name="password" type="varchar(255)">
                <constraints nullable="false"/>
            </column>
            <column name="position" type="varchar(255)"/>
            <column name="reset_token" type="varchar(255)"/>
            <column name="section_id" type="int8"/>
            <column name="system_generated_password" type="boolean">
                <constraints nullable="false"/>
            </column>
            <column name="type_of_department_administrator" type="int8"/>
        </createTable>
    </changeSet>

</databaseChangeLog>
