<?xml version="1.0" encoding="UTF-8"?>

<databaseChangeLog
        xmlns="http://www.liquibase.org/xml/ns/dbchangelog"
        xmlns:xsi="http://www.w3.org/2001/XMLSchema-instance"
        xsi:schemaLocation="http://www.liquibase.org/xml/ns/dbchangelog
                        http://www.liquibase.org/xml/ns/dbchangelog/dbchangelog-3.8.xsd">

    <!-- Changeset to create public.user_role table -->
    <changeSet id="19" author="admin">
        <createTable tableName="user_role">
            <column name="active" type="boolean" defaultValueBoolean="true">
                <constraints nullable="false"/>
            </column>
            <column name="created_at" type="timestamp(6)" defaultValueComputed="CURRENT_TIMESTAMP"/>
            <column name="created_by" type="varchar(255)"/>
            <column name="modified_at" type="timestamp(6)" defaultValueComputed="CURRENT_TIMESTAMP"/>
            <column name="modified_by" type="varchar(255)"/>
            <column name="role_id" type="int4">
                <constraints nullable="false"/>
            </column>
            <column name="user_id" type="int4">
                <constraints nullable="false"/>
            </column>
        </createTable>

        <!-- Primary Key Constraint -->
        <addPrimaryKey
                columnNames="role_id, user_id"
                constraintName="user_role_pkey"
                tableName="user_role"/>

        <!-- Foreign Key Constraints -->
        <addForeignKeyConstraint
                constraintName="fk7ojmv1m1vrxfl3kvt5bi5ur73"
                baseTableName="user_role"
                baseColumnNames="user_id"
                referencedTableName="user_account"
                referencedColumnNames="id"
                onDelete="CASCADE"/>

        <addForeignKeyConstraint
                constraintName="fka68196081fvovjhkek5m97n3y"
                baseTableName="user_role"
                baseColumnNames="role_id"
                referencedTableName="role"
                referencedColumnNames="id"
                onDelete="CASCADE"/>
    </changeSet>

</databaseChangeLog>
